<?xml version="1.0" encoding="UTF-8"?>
<Countries>
  <Country>
    <id>001</id>
    <name>Brazil</name>
    <birth>16.405</birth>
    <cell>90.01936334</cell>
    <children>1.862</children>
    <electricity>2201.808724</electricity>
    <gdp_per_capita>4424.758692</gdp_per_capita>
    <gdp_per_capita_growth>-1.520402823</gdp_per_capita_growth>
    <inflation>8.228535058</inflation>
    <internet>39.22</internet>
    <life>74</life>
    <military>1.615173655</military>
    <gps_lat>-14.235004000</gps_lat>
    <gps_long>-51.925280000</gps_long>
  </Country>
  <Country>
    <id>002</id>
    <name>Canada</name>
    <birth>10.625</birth>
    <cell>70.70997244</cell>
    <children>1.668</children>
    <electricity>15119.76414</electricity>
    <gdp_per_capita>25069.86915</gdp_per_capita>
    <gdp_per_capita_growth>-3.953353186</gdp_per_capita_growth>
    <inflation>2.944408564</inflation>
    <internet>80.17086651</internet>
    <life>80.9</life>
    <military>1.415710422</military>
    <gps_lat>56.130366000</gps_lat>
    <gps_long>-106.346771000</gps_long>
  </Country>
  <Country>
    <id>003</id>
    <name>Chile</name>
    <birth>15.04</birth>
    <cell>97.01862561</cell>
    <children>1.873</children>
    <electricity>3276.06449</electricity>
    <gdp_per_capita>6451.631126</gdp_per_capita>
    <gdp_per_capita_growth>-2.610485847</gdp_per_capita_growth>
    <inflation>7.47050527</inflation>
    <internet>38.8</internet>
    <life>78.8</life>
    <military>3.064076139</military>
    <gps_lat>-35.675147000</gps_lat>
    <gps_long>71.542969000</gps_long>
  </Country>
  <Country>
    <id>004</id>
    <name>China</name>
    <birth>13.536</birth>
    <cell>55.97490921</cell>
    <children>1.642</children>
    <electricity>2632.724637</electricity>
    <gdp_per_capita>2208.403948</gdp_per_capita>
    <gdp_per_capita_growth>8.648414427</gdp_per_capita_growth>
    <inflation>6.684109668</inflation>
    <internet>28.97659939</internet>
    <life>75.6</life>
    <military>2.24110794</military>
    <gps_lat>35.86166000</gps_lat>
    <gps_long>104.19539700</gps_long>
  </Country>
  <Country>
    <id>005</id>
    <name>Colombia</name>
    <birth>20.605</birth>
    <cell>92.34584564</cell>
    <children>2.405</children>
    <electricity>1041.994137</electricity>
    <gdp_per_capita>3137.695335</gdp_per_capita>
    <gdp_per_capita_growth>0.2081538559</gdp_per_capita_growth>
    <inflation>3.666941163</inflation>
    <internet>30</internet>
    <life>75.3</life>
    <military>3.833780372</military>
    <gps_lat>4.570868000</gps_lat>
    <gps_long>-74.297333000</gps_long>
  </Country>
  <Country>
    <id>006</id>
    <name>Ecuador</name>
    <birth>20.989</birth>
    <cell>92.84925653</cell>
    <children>2.69</children>
    <electricity>1078.038961</electricity>
    <gdp_per_capita>1692.067197</gdp_per_capita>
    <gdp_per_capita_growth>-1.079538461</gdp_per_capita_growth>
    <inflation>7.595866872</inflation>
    <internet>24.6</internet>
    <life>74.1</life>
    <military>3.746501879</military>
    <gps_lat>-1.831239000</gps_lat>
    <gps_long>-78.183406000</gps_long>
  </Country>
  <Country>
    <id>007</id>
    <name>Egypt</name>
    <birth>24.83</birth>
    <cell>69.43661504</cell>
    <children>2.919</children>
    <electricity>1607.918763</electricity>
    <gdp_per_capita>1911.964501</gdp_per_capita>
    <gdp_per_capita_growth>2.856917581</gdp_per_capita_growth>
    <inflation>10.10750976</inflation>
    <internet>24.28</internet>
    <life>70.2</life>
    <military>2.137305699</military>
    <gps_lat>26.820553000</gps_lat>
    <gps_long>30.802498000</gps_long>
  </Country>
  <Country>
    <id>008</id>
    <name>Finland</name>
    <birth>11.127</birth>
    <cell>144.1530224</cell>
    <children>1.86</children>
    <electricity>15241.61194</electricity>
    <gdp_per_capita>26205.68832</gdp_per_capita>
    <gdp_per_capita_growth>-8.791558776</gdp_per_capita_growth>
    <inflation>0.4277308694</inflation>
    <internet>82.53133098</internet>
    <life>79.7</life>
    <military>1.501872268</military>
    <gps_lat>61.924110000</gps_lat>
    <gps_long>25.748151000</gps_long>
  </Country>
  <Country>
    <id>009</id>
    <name>France</name>
    <birth>12.21</birth>
    <cell>95.44434226</cell>
    <children>1.978</children>
    <electricity>7339.946832</electricity>
    <gdp_per_capita>22508.76261</gdp_per_capita>
    <gdp_per_capita_growth>-3.264056248</gdp_per_capita_growth>
    <inflation>1.050366124</inflation>
    <internet>69.0633593</internet>
    <life>81</life>
    <military>2.55313249</military>
    <gps_lat>46.22763800</gps_lat>
    <gps_long>2.21374900</gps_long>
  </Country>
  <Country>
    <id>010</id>
    <name>Germany</name>
    <birth>8.136</birth>
    <cell>127.4188883</cell>
    <children>1.376</children>
    <electricity>6753.05764</electricity>
    <gdp_per_capita>24368.19561</gdp_per_capita>
    <gdp_per_capita_growth>-4.886323581</gdp_per_capita_growth>
    <inflation>0.5959234322</inflation>
    <internet>79.48523153</internet>
    <life>80</life>
    <military>1.438871341</military>
    <gps_lat>51.165691000</gps_lat>
    <gps_long>10.451526000</gps_long>
  </Country>
  <Country>
    <id>011</id>
    <name>Iceland</name>
    <birth>14.738</birth>
    <cell>107.6604456</cell>
    <children>2.123</children>
    <electricity>51259.18763</electricity>
    <gdp_per_capita>35310.97441</gdp_per_capita>
    <gdp_per_capita_growth>-6.990418561</gdp_per_capita_growth>
    <inflation>6.900703626</inflation>
    <internet>92.13686385</internet>
    <life>82.2</life>
    <military>0.0820538039</military>
    <gps_lat>64.9630510000</gps_lat>
    <gps_long>-19.0208350000</gps_long>
  </Country>
  <Country>
    <id>012</id>
    <name>Iraq</name>
    <birth>31.585</birth>
    <cell>65.47478839</cell>
    <children>4.276</children>
    <electricity>1086.323768</electricity>
    <gdp_per_capita>752.1833548</gdp_per_capita>
    <gdp_per_capita_growth>1.141874289</gdp_per_capita_growth>
    <inflation>25.22442136</inflation>
    <internet>1.047516616</internet>
    <life>68.1</life>
    <military>4.621383386</military>
    <gps_lat>33.223191000</gps_lat>
    <gps_long>43.679291000</gps_long>
  </Country>
  <Country>
    <id>013</id>
    <name>Japan</name>
    <birth>8.201</birth>
    <cell>91.8955442</cell>
    <children>1.359</children>
    <electricity>7838.005685</electricity>
    <gdp_per_capita>38242.02429</gdp_per_capita>
    <gdp_per_capita_growth>-6.180260885</gdp_per_capita_growth>
    <inflation>-2.08543109</inflation>
    <internet>77.38468963</internet>
    <life>82.8</life>
    <military>1.019445017</military>
    <gps_lat>36.204824000</gps_lat>
    <gps_long>138.252924000</gps_long>
  </Country>
  <Country>
    <id>014</id>
    <name>Kazakhstan</name>
    <birth>19.775</birth>
    <cell>107.7147692</cell>
    <children>2.537</children>
    <electricity>4447.142293</electricity>
    <gdp_per_capita>2345.86415</gdp_per_capita>
    <gdp_per_capita_growth>-1.437812068</gdp_per_capita_growth>
    <inflation>19.5422854</inflation>
    <internet>17.91457965</internet>
    <life>66.6</life>
    <military>1.105385125</military>
    <gps_lat>48.019573000</gps_lat>
    <gps_long>66.923684000</gps_long>
  </Country>
  <Country>
    <id>015</id>
    <name>Mexico</name>
    <birth>19.091</birth>
    <cell>74.25785259</cell>
    <children>2.313</children>
    <electricity>1869.82352</electricity>
    <gdp_per_capita>5875.619997</gdp_per_capita>
    <gdp_per_capita_growth>-7.417438847</gdp_per_capita_growth>
    <inflation>4.033645258</inflation>
    <internet>26.34</internet>
    <life>75.5</life>
    <military>0.5396656609</military>
    <gps_lat>23.6345010000</gps_lat>
    <gps_long>-102.5527840000</gps_long>
  </Country>
  <Country>
    <id>016</id>
    <name>New Zealand</name>
    <birth>13.831</birth>
    <cell>108.7301521</cell>
    <children>2.125</children>
    <electricity>9375.550304</electricity>
    <gdp_per_capita>14778.16393</gdp_per_capita>
    <gdp_per_capita_growth>-1.552308788</gdp_per_capita_growth>
    <inflation>3.486782259</inflation>
    <internet>79.82609287</internet>
    <life>80.3</life>
    <military>1.140562366</military>
    <gps_lat>-40.900557000</gps_lat>
    <gps_long>174.885971000</gps_long>
  </Country>
  <Country>
    <id>017</id>
    <name>Nigeria</name>
    <birth>40.134</birth>
    <cell>48.23561006</cell>
    <children>6.021</children>
    <electricity>119.8151486</electricity>
    <gdp_per_capita>513.5003377</gdp_per_capita>
    <gdp_per_capita_growth>4.3526073</gdp_per_capita_growth>
    <inflation>9.313146383</inflation>
    <internet>20</internet>
    <life>58.5</life>
    <military>0.8924302789</military>
    <gps_lat>9.0819990000</gps_lat>
    <gps_long>8.6752770000</gps_long>
  </Country>
  <Country>
    <id>018</id>
    <name>Peru</name>
    <birth>21.342</birth>
    <cell>85.86901405</cell>
    <children>2.545</children>
    <electricity>1043.052601</electricity>
    <gdp_per_capita>2955.186222</gdp_per_capita>
    <gdp_per_capita_growth>-0.2228977721</gdp_per_capita_growth>
    <inflation>4.49134447</inflation>
    <internet>31.4</internet>
    <life>76.7</life>
    <military>1.348875763</military>
    <gps_lat>-9.189967000</gps_lat>
    <gps_long>-75.015152000</gps_long>
  </Country>
  <Country>
    <id>019</id>
    <name>Russia</name>
    <birth>10.828</birth>
    <cell>161.1162887</cell>
    <children>1.537</children>
    <electricity>6132.978648</electricity>
    <gdp_per_capita>2806.41483</gdp_per_capita>
    <gdp_per_capita_growth>-7.749103694</gdp_per_capita_growth>
    <inflation>11.60398093</inflation>
    <internet>29.23584146</internet>
    <life>68.3</life>
    <military>4.36259042</military>
    <gps_lat>61.52401000</gps_lat>
    <gps_long>105.31875600</gps_long>
  </Country>
  <Country>
    <id>020</id>
    <name>Saudi Arabia</name>
    <birth>23.569</birth>
    <cell>167.3474553</cell>
    <children>2.898</children>
    <electricity>7430.743897</electricity>
    <gdp_per_capita>9294.355996</gdp_per_capita>
    <gdp_per_capita_growth>-2.242127204</gdp_per_capita_growth>
    <inflation>14.36222827</inflation>
    <internet>38</internet>
    <life>77.6</life>
    <military>10.95653405</military>
    <gps_lat>23.88594200</gps_lat>
    <gps_long>45.07916200</gps_long>
  </Country>
  <Country>
    <id>021</id>
    <name>South Africa</name>
    <birth>22.113</birth>
    <cell>93.33587369</cell>
    <children>2.5</children>
    <electricity>4532.021902</electricity>
    <gdp_per_capita>3697.67368</gdp_per_capita>
    <gdp_per_capita_growth>-2.732989408</gdp_per_capita_growth>
    <inflation>7.861608575</inflation>
    <internet>10.08745979</internet>
    <life>55.8</life>
    <military>1.394530379</military>
    <gps_lat>-30.559482000</gps_lat>
    <gps_long>22.937506000</gps_long>
  </Country>
  <Country>
    <id>022</id>
    <name>Sweden</name>
    <birth>11.72</birth>
    <cell>112.1241184</cell>
    <children>1.937</children>
    <electricity>14143.01101</electricity>
    <gdp_per_capita>30885.45914</gdp_per_capita>
    <gdp_per_capita_growth>-5.976535294</gdp_per_capita_growth>
    <inflation>1.022227082</inflation>
    <internet>91.12326108</internet>
    <life>81.2</life>
    <military>1.247701873</military>
    <gps_lat>60.128161000</gps_lat>
    <gps_long>18.643501000</gps_long>
  </Country>
  <Country>
    <id>023</id>
    <name>United Arab Emirates</name>
    <birth>14.027</birth>
    <cell>153.7997194</cell>
    <children>1.903</children>
    <electricity>9998.291079</electricity>
    <gdp_per_capita>22507.00157</gdp_per_capita>
    <gdp_per_capita_growth>-11.99171952</gdp_per_capita_growth>
    <inflation>8.549032358</inflation>
    <internet>64</internet>
    <life>76.1</life>
    <military>5.834881976</military>
    <gps_lat>23.424076000</gps_lat>
    <gps_long>53.847818000</gps_long>
  </Country>
  <Country>
    <id>024</id>
    <name>United Kingdom</name>
    <birth>12.195</birth>
    <cell>130.1742603</cell>
    <children>1.89</children>
    <electricity>5685.635995</electricity>
    <gdp_per_capita>27933.77767</gdp_per_capita>
    <gdp_per_capita_growth>-5.019251823</gdp_per_capita_growth>
    <inflation>2.861406642</inflation>
    <internet>77.79971962</internet>
    <life>79.7</life>
    <military>2.667209048</military>
    <gps_lat>52.355517700</gps_lat>
    <gps_long>-1.174319700</gps_long>
  </Country>
  <Country>
    <id>025</id>
    <name>United States</name>
    <birth>14.191</birth>
    <cell>89.14911634</cell>
    <children>2.002</children>
    <electricity>12913.71143</electricity>
    <gdp_per_capita>36539.22823</gdp_per_capita>
    <gdp_per_capita_growth>-4.342271218</gdp_per_capita_growth>
    <inflation>1.152326348</inflation>
    <internet>71.21181627</internet>
    <life>78.3</life>
    <military>4.822730027</military>
    <gps_lat>37.090240000</gps_lat>
    <gps_long>-95.712891000</gps_long>
  </Country>
</Countries>
